datetime_utc	common_hash	experiment_description	accuracy	execution_secs	status
2026-03-29T19:55:00Z	22fbc93	baseline	0.661400	50.1	success
2026-03-29T20:02:00Z	89a3819	deeper-vgg-bn-augment-cosine-lr	0.923900	111.7	success
2026-03-29T20:05:00Z	9b33e52	add-label-smoothing-colorjitter	0.912400	117.7	success
2026-03-29T20:30:00Z	resnet18-cifar	resnet18-skip-connections-gap	0.942600	227.2	success
2026-03-29T20:36:00Z	99b2f71	resnet18-normalize-mixup	0.841200	240.0	success
2026-03-29T20:41:00Z	99b2f71	resnet18-normalize-only	0.657900	223.8	success
2026-03-29T20:50:00Z	wideresnet28-4	wideresnet-28-4-dropout0.3	0.947800	299.6	success
2026-03-29T20:56:00Z	357163b	wideresnet-28-4-random-erasing	0.949700	300.9	success
2026-03-29T21:02:00Z	357163b	wideresnet-28-5-random-erasing	0.951200	305.3	success
2026-03-29T21:08:00Z	357163b	wideresnet-28-6-random-erasing	0.955400	301.8	success
2026-03-29T21:14:00Z	357163b	wideresnet-28-8-random-erasing	0.957000	306.4	success
2026-03-29T21:20:00Z	357163b	wideresnet-28-10-random-erasing	0.956000	306.0	success
2026-03-29T21:26:00Z	357163b	wideresnet-28-8-trivialaugment-erasing	0.949900	303.8	success
2026-03-29T21:32:00Z	357163b	wideresnet-28-8-erasing-warmup	0.957000	306.0	success
2026-03-29T21:38:00Z	357163b	wideresnet-28-8-nodropout-erasing-warmup	0.959600	298.1	success
2026-03-29T21:47:00Z	357163b	efficientnet-b0-erasing-warmup	N/A	615.0	timeout
2026-03-29T22:00:00Z	357163b	se-wideresnet-28-8-erasing-warmup	0.961800	460.0	success
2026-03-29T22:10:00Z	357163b	se-wideresnet-28-8-erasing-warmup-labelsmooth	0.963600	478.5	success
